"id","name","description","name","description","price","image"
"4a22fe17-c4ac-4807-8e60-ab2e1fda109f",Alcoholic Drinks,"Cocktails, Spirits & Wines",Amrut Fusion,Single Malt (25ml / 50ml),8.99,https://firebasestorage.googleapis.com/v0/b/baithak-e55c4.firebasestorage.app/o/product%2Fmigrated_1770298608981_cocktails.png?alt=media&token=caa8a799-a3bd-4fac-ab97-58ae52ae4590
f8c05715-5c22-468b-8ba0-5104505cdcf2,Rice & Biryani,Rice & Biryani,Basmati Rice,Steamed rice.,4.99,https://firebasestorage.googleapis.com/v0/b/baithak-e55c4.firebasestorage.app/o/product%2Fmigrated_1770298616449_biryani_rice_bowl.png?alt=media&token=8c1d11d7-0fe8-4bed-96da-f8de80e8fcb9
"073b4a22-9231-4d1b-a529-8be8a6d8997e",Beers,"Lagers, IPAs & Ciders",Bombay Bicycle IPA,"",4.99,https://firebasestorage.googleapis.com/v0/b/baithak-e55c4.firebasestorage.app/o/product%2Fmigrated_1770298620606_beers.png?alt=media&token=e54252ff-7989-4973-8321-614417e881ce
bb788af2-24b4-41ba-a173-4a74eb1d144a,Beers,"Lagers, IPAs & Ciders",Bulmers Cider,"",6.49,https://firebasestorage.googleapis.com/v0/b/baithak-e55c4.firebasestorage.app/o/product%2Fmigrated_1770298623763_beers.png?alt=media&token=648d12fc-0f36-4242-ae2a-1e07213e1aaa
"245fed48-ebf7-4a7c-96a4-42da26f53c47",Roti & Naan,Roti & Naan,Butter Naan,Naan brushed with butter.,4.49,https://firebasestorage.googleapis.com/v0/b/baithak-e55c4.firebasestorage.app/o/product%2Fmigrated_1770298627140_naan_assortment.png?alt=media&token=ac26919d-e9ff-4f36-bcb6-adf52090e694
f4fe21ad-4250-4fb1-ab0a-0184a4938c39,Rice & Biryani,Rice & Biryani,Chicken Biryani,Aromatic basmati rice with chicken.,13.99,https://firebasestorage.googleapis.com/v0/b/baithak-e55c4.firebasestorage.app/o/product%2Fmigrated_1770298634111_biryani_rice_bowl.png?alt=media&token=0669dd06-c325-4f0d-a99e-f176131fc987
"833c1bac-5b65-426f-b078-c031a89477a0",Beers,"Lagers, IPAs & Ciders",Cobra Bottle (Big),"",6.99,https://firebasestorage.googleapis.com/v0/b/baithak-e55c4.firebasestorage.app/o/product%2Fmigrated_1770298644756_beers.png?alt=media&token=f3cbb929-663a-4229-a5f4-e9ac6c949849
"092cd57c-b1b1-44d2-b24e-a815f714952b",Beers,"Lagers, IPAs & Ciders",Corona,"330ml",3.99,https://firebasestorage.googleapis.com/v0/b/baithak-e55c4.firebasestorage.app/o/product%2Fmigrated_1770298648045_beers.png?alt=media&token=b5190f5d-c6b9-4a59-b75a-cfb90986b6b5
e93a1197-53ef-476c-93ad-b60c5c8f7989,Beers,"Lagers, IPAs & Ciders",Flavoured Cider,Ask server,5.99,https://firebasestorage.googleapis.com/v0/b/baithak-e55c4.firebasestorage.app/o/product%2Fmigrated_1770298664896_beers.png?alt=media&token=f512a570-e998-489c-9ac0-499e5103c29b
"5bd4fc4e-03a5-4709-a3b8-dcc24099d363",Alcoholic Drinks,"Cocktails, Spirits & Wines",Glenfiddich 15,(25ml / 50ml),7.99,https://firebasestorage.googleapis.com/v0/b/baithak-e55c4.firebasestorage.app/o/product%2Fmigrated_1770298669067_cocktails.png?alt=media&token=2994c64f-f579-48a1-aa43-5805cfa52498
a3729876-826b-4a0b-8388-0d0e4649e192,Alcoholic Drinks,"Cocktails, Spirits & Wines",Hendrick's / Roku / Ukiyo,(25ml / 50ml),6.99,https://firebasestorage.googleapis.com/v0/b/baithak-e55c4.firebasestorage.app/o/product%2Fmigrated_1770298673367_cocktails.png?alt=media&token=c3f575b1-3b20-4bca-85d4-cccd80a258d4
"313ca636-b38c-4873-9556-4b3970e7b1d3",Alcoholic Drinks,"Cocktails, Spirits & Wines",Indri,(25ml / 50ml),8.99,https://firebasestorage.googleapis.com/v0/b/baithak-e55c4.firebasestorage.app/o/product%2Fmigrated_1770298677743_cocktails.png?alt=media&token=ee2ea1a7-96b2-4b3a-8162-e59c58865245
"905f636b-c3dc-4670-829b-de283269080f",Beers,"Lagers, IPAs & Ciders",Kingfisher Draught,Pint / Half,5.99,https://firebasestorage.googleapis.com/v0/b/baithak-e55c4.firebasestorage.app/o/product%2Fmigrated_1770298689420_beers.png?alt=media&token=425be96f-87a9-4410-a422-cb98101097ec
"46351796-fdae-49d9-8d87-4819bd8403d9",Beers,"Lagers, IPAs & Ciders",Kingfisher Ultra Lager,"",4.99,https://firebasestorage.googleapis.com/v0/b/baithak-e55c4.firebasestorage.app/o/product%2Fmigrated_1770298690511_beers.png?alt=media&token=68eea4bd-7623-41e4-a87d-bad33b9c9898
"9b06d207-e164-486d-a455-cf00f68736fc",Mains - Non-Vegetarian,Mains - Non-Vegetarian,Lamb Rogan Josh,Slow cooked lamb.,14.99,https://firebasestorage.googleapis.com/v0/b/baithak-e55c4.firebasestorage.app/o/product%2Fmigrated_1770298698062_lamb_rogan_josh.png?alt=media&token=b0e8bce0-5107-4661-a4ac-fa72036dd292
"74b31f11-62a4-475a-8f66-dbc6d31f4bb0",Alcoholic Drinks,"Cocktails, Spirits & Wines",Malhar (Indian),Classic / Citrus (25ml / 50ml),7.99,https://firebasestorage.googleapis.com/v0/b/baithak-e55c4.firebasestorage.app/o/product%2Fmigrated_1770298708889_cocktails.png?alt=media&token=5b1b3022-9821-40e4-b303-77d0707aa61f
"5fcfb703-2bdc-428e-a7e6-476fac2bb058",Starters - Vegetarian,Vegetarian,Onion Bhaji,Shredded onion fritters.,4.99,https://firebasestorage.googleapis.com/v0/b/baithak-e55c4.firebasestorage.app/o/product%2Fmigrated_1770298727503_onion_bhaji.png?alt=media&token=8af1139d-bd98-41c6-9b6f-661683408725
a72d339a-b257-44b7-87f6-fefeb140d6d0,Mains - Vegetarian,Mains - Vegetarian,Paneer Makhani,Cottage cheese in tomato cream.,11.99,https://firebasestorage.googleapis.com/v0/b/baithak-e55c4.firebasestorage.app/o/product%2Fmigrated_1770298731681_paneer_makhani.png?alt=media&token=ffbf5cf3-897d-468c-8267-5f000485136f
"611ac479-a897-48d2-a81d-865758c2a0ab",Beers,"Lagers, IPAs & Ciders",Peroni,"330ml",3.99,https://firebasestorage.googleapis.com/v0/b/baithak-e55c4.firebasestorage.app/o/product%2Fmigrated_1770298735839_beers.png?alt=media&token=d93f7110-6a10-45c7-b8cd-c40e0698c380
be2ad633-af0c-4cda-a1c0-3df435aa70bd,Starters - Vegetarian,Vegetarian,Poppadum Mix,Crispy poppadums.,3.99,https://firebasestorage.googleapis.com/v0/b/baithak-e55c4.firebasestorage.app/o/product%2Fmigrated_1770298740080_poppadum_mix.png?alt=media&token=ef0a3674-7cde-4b54-94ae-a00eb6a7cd30
"7c3c03a1-0412-493a-89f0-f0fcaf5b9d26",Rice & Biryani,Rice & Biryani,Vegetable Biryani,Aromatic basmati rice with vegetables.,12.99,https://firebasestorage.googleapis.com/v0/b/baithak-e55c4.firebasestorage.app/o/product%2Fmigrated_1770298772385_biryani_rice_bowl.png?alt=media&token=c169c3e3-8017-4f61-a311-30870c4b16aa
"937b2983-9019-44cf-b813-af03aa0a1b67",Alcoholic Drinks,"Cocktails, Spirits & Wines",Champagne,Jacques Bardelot / Moet (Btl),49.99,https://firebasestorage.googleapis.com/v0/b/baithak-e55c4.firebasestorage.app/o/product%2Fmigrated_1770298630748_wines.png?alt=media&token=c31ae5fa-4f3d-4d87-a379-8cb6cb46c656
"9d48b335-de73-4816-ba0e-523eb1851170",Non-Alcoholic Drinks,"Soft drinks, Hot drinks & Mocktails",Coke/Diet/Zero/Lemonade,Pint,3.99,https://firebasestorage.googleapis.com/v0/b/baithak-e55c4.firebasestorage.app/o/product%2Fmigrated_1770298646974_soft_drinks.png?alt=media&token=0b4f0db9-4a70-43cf-acfd-eff570f11cd2
"1cbf05b1-1ca2-4a64-bf8c-1d65095e9815",Alcoholic Drinks,"Cocktails, Spirits & Wines",Courvoisier VS,(25ml / 50ml),5.99,https://firebasestorage.googleapis.com/v0/b/baithak-e55c4.firebasestorage.app/o/product%2Fmigrated_1770298650447_cocktails.png?alt=media&token=b331816f-0f96-4c08-9893-eb2653b4107e
e0478d0f-b700-410c-b031-f44adcbaaf27,Mains - Vegetarian,Mains - Vegetarian,Dal Tadka,"Yellow lentils tempered with onions, tomatoes, green chillies",9.99,https://firebasestorage.googleapis.com/v0/b/baithak-e55c4.firebasestorage.app/o/product%2Fmigrated_1770298653494_veg_mains.png?alt=media&token=2b88cec2-11af-4766-bd8a-1dae96d673ff
"3b56c41f-1649-4be5-a91d-1e232e621678",Alcoholic Drinks,"Cocktails, Spirits & Wines",Elderflower Fizz,"Berry, Pear, Elderflower, Tonic/Lemonade",4.99,https://firebasestorage.googleapis.com/v0/b/baithak-e55c4.firebasestorage.app/o/product%2Fmigrated_1770298659716_cocktails.png?alt=media&token=2ad8a8b9-46f1-46c5-a361-9c381e25b997
"4e972d97-eb4d-4d88-830e-ffa4e1caf72c",Non-Alcoholic Drinks,"Soft drinks, Hot drinks & Mocktails",Fruit Juice,Orange/Apple/Mango/Cranberry/Pineapple,3.49,https://firebasestorage.googleapis.com/v0/b/baithak-e55c4.firebasestorage.app/o/product%2Fmigrated_1770298665913_soft_drinks.png?alt=media&token=0d6b4a8e-56f8-4746-8981-32ca53a3cb07
a9039930-418f-4999-a2c6-09e167e0059d,Non-Alcoholic Drinks,"Soft drinks, Hot drinks & Mocktails",J20,Orange & Passion / Apple & Mango,3.99,https://firebasestorage.googleapis.com/v0/b/baithak-e55c4.firebasestorage.app/o/product%2Fmigrated_1770298678809_soft_drinks.png?alt=media&token=fd2d4a6c-2810-416b-843e-4b637f73c732
"1c1c9878-0c35-4c8f-9724-11692ef18208",Mains - Vegetarian,Mains - Vegetarian,Kadai Paneer,Cottage cheese with onion and bell peppers,11.99,https://firebasestorage.googleapis.com/v0/b/baithak-e55c4.firebasestorage.app/o/product%2Fmigrated_1770298684031_veg_mains.png?alt=media&token=ad8bc851-f6fe-4faf-994a-99d727674188
"3846ca24-15ab-4bb9-8530-c55306bec935",Non-Alcoholic Drinks,"Soft drinks, Hot drinks & Mocktails",Lime & Mint Soda,"Lemon, Sugar, Black Salt, Mint",4.99,https://firebasestorage.googleapis.com/v0/b/baithak-e55c4.firebasestorage.app/o/product%2Fmigrated_1770298703480_soft_drinks.png?alt=media&token=72034965-f95d-42ab-910b-d93c1ed9d746
"85f85e26-9e6c-4b64-b612-db4eb7499a14",Alcoholic Drinks,"Cocktails, Spirits & Wines",Margarita,"Tequila, Cointreau, lime juice, salt rim",8.49,https://firebasestorage.googleapis.com/v0/b/baithak-e55c4.firebasestorage.app/o/product%2Fmigrated_1770298712007_cocktails.png?alt=media&token=449856b7-1e2f-4098-849a-b6d8028c98cc
"0c2bba1e-25b6-4414-b86a-166d0fbd2b7a",Alcoholic Drinks,"Cocktails, Spirits & Wines",Moscow Mule,"Lime juice, ginger beer, crushed ice",5.99,https://firebasestorage.googleapis.com/v0/b/baithak-e55c4.firebasestorage.app/o/product%2Fmigrated_1770298717118_cocktails.png?alt=media&token=aa18b3e8-046c-428a-b887-53e4cc24e979
cd146715-5a07-4c19-80c1-1da6059d3ae5,Alcoholic Drinks,"Cocktails, Spirits & Wines",Old Fashioned,"Whisky, brown sugar, angostura",8.99,https://firebasestorage.googleapis.com/v0/b/baithak-e55c4.firebasestorage.app/o/product%2Fmigrated_1770298725393_cocktails.png?alt=media&token=1d48aace-da2e-4340-b75c-a1ab14267a74
"0b980e06-d11d-42db-abf1-73da26c35378",Alcoholic Drinks,"Cocktails, Spirits & Wines",Prosecco R&R (White/Rose),Italy (20cl / Btl),9.99,https://firebasestorage.googleapis.com/v0/b/baithak-e55c4.firebasestorage.app/o/product%2Fmigrated_1770298743197_wines.png?alt=media&token=241e3afc-a080-46d6-8f59-b02394c9358e
ef758707-7824-42ea-8a6c-3329928e449c,Alcoholic Drinks,"Cocktails, Spirits & Wines",Red: Rioja / Malbec,Spain / Argentina (175ml / Btl),8.99,https://firebasestorage.googleapis.com/v0/b/baithak-e55c4.firebasestorage.app/o/product%2Fmigrated_1770298749704_wines.png?alt=media&token=54358e1a-67b7-4676-8ade-1c9f62cf0827
"45736283-42f5-44f8-b5a7-f18d6596661c",Alcoholic Drinks,"Cocktails, Spirits & Wines",Rose: Pinot Grigio,Italy (175ml / Btl),6.49,https://firebasestorage.googleapis.com/v0/b/baithak-e55c4.firebasestorage.app/o/product%2Fmigrated_1770298752866_wines.png?alt=media&token=7cbb7f66-9721-4314-ac80-77e06f86f312
"3468528b-a2f7-49ba-844a-4a8a929fe3c2",Alcoholic Drinks,"Cocktails, Spirits & Wines",Rose: Provence,France (Btl),32.99,https://firebasestorage.googleapis.com/v0/b/baithak-e55c4.firebasestorage.app/o/product%2Fmigrated_1770298753863_cocktails.png?alt=media&token=84fa2294-c616-4fd5-b3f2-1f0eb6e3092a
"871d8f6d-252e-4453-9372-8c7f28aef47f",Non-Alcoholic Drinks,"Soft drinks, Hot drinks & Mocktails",Salty Masala Lassi,"Yoghurt, roasted cumin, coriander, salt",4.99,https://firebasestorage.googleapis.com/v0/b/baithak-e55c4.firebasestorage.app/o/product%2Fmigrated_1770298761091_soft_drinks.png?alt=media&token=4b1e96ef-2438-427f-9f81-b01e6198292e
"1a20dc44-d03f-4e1f-9228-4bbe15eaa6b9",Non-Alcoholic Drinks,"Soft drinks, Hot drinks & Mocktails",Virgin Pina Colada,"Mock rum syrup, pineapple, coconut milk",5.99,https://firebasestorage.googleapis.com/v0/b/baithak-e55c4.firebasestorage.app/o/product%2Fmigrated_1770298776527_soft_drinks.png?alt=media&token=5bc376f5-cd3e-4da4-a1d5-26e0bc4e9bf6
"0ff5c10e-f20b-49de-b2d2-ffb31f1b12c0",Non-Alcoholic Drinks,"Soft drinks, Hot drinks & Mocktails",Watermelon Fizz,"Watermelon, lime juice",5.99,https://firebasestorage.googleapis.com/v0/b/baithak-e55c4.firebasestorage.app/o/product%2Fmigrated_1770298777530_soft_drinks.png?alt=media&token=e203655a-8a82-4f6b-b4ab-576d77dbc364
ae66098d-cbc7-45d2-871c-f8414f64093b,Alcoholic Drinks,"Cocktails, Spirits & Wines",White: Sauv Blanc,NZ (Btl),34.99,https://firebasestorage.googleapis.com/v0/b/baithak-e55c4.firebasestorage.app/o/product%2Fmigrated_1770298779562_wines.png?alt=media&token=e6117fc7-6fee-4f2e-9c35-993cd3b706e1
ced6c05a-eea3-4022-8d02-b4adf9729394,Mains - Vegetarian,Mains - Vegetarian,Bhindi Masala,Okra tossed with onions and seasonings (Vegan),9.99,https://firebasestorage.googleapis.com/v0/b/baithak-e55c4.firebasestorage.app/o/product%2Fmigrated_1770298617542_veg_mains.png?alt=media&token=b68bd92b-2985-46f5-bdd3-701459199cc3
"20a57535-4553-4ef3-ac31-fd36924d3f1d",Starters - Vegetarian,Vegetarian,Chef Special Green Salad,"",3.99,https://firebasestorage.googleapis.com/v0/b/baithak-e55c4.firebasestorage.app/o/product%2Fmigrated_1770298633052_tandoori_starters.png?alt=media&token=de4b2578-907c-4388-a6b2-93cc882bf5a7
"88096ab3-0c9f-4474-a277-51a008947e40",Mains - Non-Vegetarian,Mains - Non-Vegetarian,Chicken Chettinad,"Chicken with freshly ground Chettinad spices (gundu chillies, stone flower)",12.99,https://firebasestorage.googleapis.com/v0/b/baithak-e55c4.firebasestorage.app/o/product%2Fmigrated_1770298636157_curry_chicken.png?alt=media&token=fc723428-1fdd-48e8-bb49-d31b2c5cdb50
b93971f3-c6a7-4d01-875f-49a8ee742ada,Starters - Vegetarian,Vegetarian,Delhi ka Samosa,Served with sweet tamarind drizzle and house special salad,4.99,https://firebasestorage.googleapis.com/v0/b/baithak-e55c4.firebasestorage.app/o/product%2Fmigrated_1770298655508_tandoori_starters.png?alt=media&token=1ad286e3-b321-4fd9-b1a0-77152c08cca1
"69de67d3-65c9-4e89-9509-99c52e95bf61",Starters - Vegetarian,Vegetarian,Delhi Ki Aloo Aur Palak Ki Chaat,"Potato/pea patties, crispy spinach, sweet yoghurt, tamarind chutney",6.99,https://firebasestorage.googleapis.com/v0/b/baithak-e55c4.firebasestorage.app/o/product%2Fmigrated_1770298656566_veg_mains.png?alt=media&token=a3e03a84-2a65-40a9-a3ba-86d0675a7c99
fb483202-6020-4d2a-8698-66a2a35b2022,Rice & Biryani,Rice & Biryani,Egg / Chicken Fried Rice,"",6.99,https://firebasestorage.googleapis.com/v0/b/baithak-e55c4.firebasestorage.app/o/product%2Fmigrated_1770298658689_curry_chicken.png?alt=media&token=921c3bde-c845-4889-9d65-2ca3200a3bff
"820354c9-3279-4b84-85e1-e092ca43a5f4",Starters - Vegetarian,Vegetarian,Kachumber Salad,"Tossed onions, cucumber, tomato",4.99,https://firebasestorage.googleapis.com/v0/b/baithak-e55c4.firebasestorage.app/o/product%2Fmigrated_1770298682996_tandoori_starters.png?alt=media&token=87f3c9d9-b7c1-4a94-b771-f2f446ca64a4
de9e2cd8-3887-42a7-b9bc-ebdcbe121d53,Mains - Non-Vegetarian,Mains - Non-Vegetarian,Kerala Fish Curry,Tilapia cooked with hot sauce and coconut,15.99,https://firebasestorage.googleapis.com/v0/b/baithak-e55c4.firebasestorage.app/o/product%2Fmigrated_1770298687105_curry_chicken.png?alt=media&token=9aa65b56-91cb-4c86-930a-d9374cbe2fc1
c72a2466-c9d6-4f06-8043-9c39691838a2,Starters - Vegetarian,Vegetarian,Lachha Pyaz,Spicy onion salad with lemon/chillies,2.99,https://firebasestorage.googleapis.com/v0/b/baithak-e55c4.firebasestorage.app/o/product%2Fmigrated_1770298693556_tandoori_starters.png?alt=media&token=75197e95-73e9-4947-9b9c-c0707de9754e
"49f0a374-75fe-4fbb-a094-0beb089ca8e9",Mains - Vegetarian,Mains - Vegetarian,Malai Kofta,Cottage cheese dumplings in rich creamy tomato cashew sauce,12.99,https://firebasestorage.googleapis.com/v0/b/baithak-e55c4.firebasestorage.app/o/product%2Fmigrated_1770298707815_veg_mains.png?alt=media&token=823574b4-9a22-487b-923a-88bdaa573905
"7a1cd06f-0d28-4c4e-a399-713c13d02af1",Rice & Biryani,Rice & Biryani,Mushroom & Artichoke,Served with raita. Sealed in handi.,14.99,https://firebasestorage.googleapis.com/v0/b/baithak-e55c4.firebasestorage.app/o/product%2Fmigrated_1770298721161_veg_mains.png?alt=media&token=b70e75d5-4ba8-4686-9a5c-01581b4f69c1
ac6d7c3d-5200-4016-b803-9816575d1368,Starters - Vegetarian,Vegetarian,Onion Bhaji,"Shredded onion, potatoes, spinach in batter with fennel seeds & herbs",4.99,https://firebasestorage.googleapis.com/v0/b/baithak-e55c4.firebasestorage.app/o/product%2Fmigrated_1770298728550_tandoori_starters.png?alt=media&token=95233de7-5f7d-462c-b537-c14a0f8bd3a7
"7a95815a-156a-4918-8124-d65f47ce70d2",Mains - Vegetarian,Mains - Vegetarian,Paneer Makhan Wala,"Cottage cheese in tandoor, spiced tomato cream sauce",11.99,https://firebasestorage.googleapis.com/v0/b/baithak-e55c4.firebasestorage.app/o/product%2Fmigrated_1770298732811_veg_mains.png?alt=media&token=1fce4bc9-6e62-4d34-a42e-11c04e7eaa9f
"1517f167-cf56-4c2b-9343-d1cd1d58207c",Starters - Vegetarian,Vegetarian,Papad Basket,"Served with home made fresh Chutney (Mint, Mango, vinegar onion)",4.99,https://firebasestorage.googleapis.com/v0/b/baithak-e55c4.firebasestorage.app/o/product%2Fmigrated_1770298733814_tandoori_starters.png?alt=media&token=04c95561-1e61-471d-8aeb-6d2a9ba696c0
"7886910a-fbd4-47f9-90fd-604478ee8495",Starters - Vegetarian,Vegetarian,Pudina & Aam Wala Paneer Tikka,Paneer marinated with raw mango and mint,8.99,https://firebasestorage.googleapis.com/v0/b/baithak-e55c4.firebasestorage.app/o/product%2Fmigrated_1770298744226_veg_mains.png?alt=media&token=9e4dfc57-960f-427c-b2cf-a97b9498e7f6
"40dc7982-88cf-4722-941f-f4b8cb82baf6",Mains - Non-Vegetarian,Mains - Non-Vegetarian,Rara Gosht,Boneless and minced lamb in spicy curry,14.99,https://firebasestorage.googleapis.com/v0/b/baithak-e55c4.firebasestorage.app/o/product%2Fmigrated_1770298747379_curry_chicken.png?alt=media&token=ced5d966-030d-4acc-a072-1f3bd2b086ef
"4ce9ce81-bd32-431f-b7ff-f0affd4f6eaa",Mains - Non-Vegetarian,Mains - Non-Vegetarian,Saag Chicken,Chicken breast in pureed garlicky spinach,12.99,https://firebasestorage.googleapis.com/v0/b/baithak-e55c4.firebasestorage.app/o/product%2Fmigrated_1770298755886_curry_chicken.png?alt=media&token=7dcbbe32-636d-4768-a8f1-5e46f1ed457e
ac2c0e70-2342-499c-81e6-b7871baf7e7e,Starters - Vegetarian,Vegetarian,Soya Chaap Tikka,"Soya marinated with rich spices, cream, butter, roasted in clay oven",8.99,https://firebasestorage.googleapis.com/v0/b/baithak-e55c4.firebasestorage.app/o/product%2Fmigrated_1770298763206_tandoori_starters.png?alt=media&token=6148967a-fbee-431b-bc32-91a71d8a9fb9
d873fe6f-7f3e-42b4-8ad8-bfa0aee8bcad,Starters - Vegetarian,Vegetarian,Vegetable Manchurian,"Deep fried veg balls in sweet, sour, spicy soy sauce",7.99,https://firebasestorage.googleapis.com/v0/b/baithak-e55c4.firebasestorage.app/o/product%2Fmigrated_1770298775489_veg_mains.png?alt=media&token=c20b0c09-da28-4b6f-8f5e-0d2131645d8a
b6bdbda7-1652-40af-a159-4724ca4cbc5c,Non-Alcoholic Drinks,"Soft drinks, Hot drinks & Mocktails",Cappuccino / Latte,"",3.99,https://firebasestorage.googleapis.com/v0/b/baithak-e55c4.firebasestorage.app/o/product%2Fmigrated_1770298629662_soft_drinks.png?alt=media&token=752c9842-bc5b-4dc8-83c3-a17cd07d9086
"84527ba4-2700-4f8b-b440-33556a5c08d2",Starters - Non-Vegetarian,Non-Vegetarian,Chicken Tikka,"Chicken breast marinated in lemon, ginger, garlic, yoghurt",14.99,https://firebasestorage.googleapis.com/v0/b/baithak-e55c4.firebasestorage.app/o/product%2Fmigrated_1770298640602_curry_chicken.png?alt=media&token=817ae65e-9ef2-4725-98df-92aaa8554ef1
"2ba7a61f-ed69-4a6a-908c-d94df9e3d772",Starters - Non-Vegetarian,Non-Vegetarian,Chilli Chicken,"Marinated with corn flour/spices, fried crispy",8.99,https://firebasestorage.googleapis.com/v0/b/baithak-e55c4.firebasestorage.app/o/product%2Fmigrated_1770298642652_curry_chicken.png?alt=media&token=3792e4d9-bd5c-4c73-aac2-417e2d5ba8e6
a80d3967-3ed3-4cd0-84dd-b64b6d586d87,Starters - Vegetarian,Vegetarian,Cucumber Raita,Yoghurt with cucumber,3.49,https://firebasestorage.googleapis.com/v0/b/baithak-e55c4.firebasestorage.app/o/product%2Fmigrated_1770298651453_tandoori_starters.png?alt=media&token=5a7f3d2d-633b-4fb9-9640-8a5c431b5c30
c236c17c-9563-472c-98fd-bb733ff5ebc7,Non-Alcoholic Drinks,"Soft drinks, Hot drinks & Mocktails",Espresso,Single / Double,2.49,https://firebasestorage.googleapis.com/v0/b/baithak-e55c4.firebasestorage.app/o/product%2Fmigrated_1770298661797_soft_drinks.png?alt=media&token=02b53487-792d-4f69-99eb-ee9c9810016b
a4a46203-af80-46ac-89fd-0a8248de007f,Non-Alcoholic Drinks,"Soft drinks, Hot drinks & Mocktails",Hot Chocolate,With squirt cream and marshmallow,4.99,https://firebasestorage.googleapis.com/v0/b/baithak-e55c4.firebasestorage.app/o/product%2Fmigrated_1770298675654_soft_drinks.png?alt=media&token=8083069f-e622-4fbc-bef1-c1dafe468323
"3652f68a-6a36-434b-9533-a56e27c1588b",Rice & Biryani,Rice & Biryani,Jeera Rice,Cooked with cumin seeds,5.49,https://firebasestorage.googleapis.com/v0/b/baithak-e55c4.firebasestorage.app/o/product%2Fmigrated_1770298681930_biryani.png?alt=media&token=00c71c39-f1b6-4087-be03-235570904216
a249441d-7f67-4fdc-9d70-ac39a76fcd59,Roti & Naan,Roti & Naan,Lachha Paratha,Layered whole wheat flatbread,3.99,https://firebasestorage.googleapis.com/v0/b/baithak-e55c4.firebasestorage.app/o/product%2Fmigrated_1770298692538_naan_breads.png?alt=media&token=445f60e8-c8ab-4b30-8603-3a60f3646b7d
a7049603-dfbe-4b12-a96e-09397d77e277,Desserts,Sweet treats,Lemon Cheesecake,"Lemony cheesecake filling on buttery crust, topped with lemon curd.",6.99,https://firebasestorage.googleapis.com/v0/b/baithak-e55c4.firebasestorage.app/o/product%2Fmigrated_1770298701189_desserts.png?alt=media&token=8ab5f7f9-32b2-4d0b-9c27-ab31f20a0aae
c1b1a741-89c2-425e-9b0f-0ddc1f78f145,Alcoholic Drinks,"Cocktails, Spirits & Wines",Liqueur Coffee,Flambe coffee with your choice of liqueur,6.99,https://firebasestorage.googleapis.com/v0/b/baithak-e55c4.firebasestorage.app/o/product%2Fmigrated_1770298704496_soft_drinks.png?alt=media&token=e5f34db4-1431-45e3-a5ec-89a8c7425ac2
"29b7f31c-1418-40c5-b35d-dfc4cd7ce36c",Non-Alcoholic Drinks,"Soft drinks, Hot drinks & Mocktails",Mint / Green Tea,"",2.99,https://firebasestorage.googleapis.com/v0/b/baithak-e55c4.firebasestorage.app/o/product%2Fmigrated_1770298715139_soft_drinks.png?alt=media&token=d0f9799f-6edf-4e66-b53e-45ec56514ee0
"4bac0784-269c-412a-b621-7996917ceef0",Desserts,Sweet treats,Move N Pick Ice Cream,"Swiss Ice cream (Vanilla, Chocolate, Strawberry) - 3 scoops",6.99,https://firebasestorage.googleapis.com/v0/b/baithak-e55c4.firebasestorage.app/o/product%2Fmigrated_1770298718120_desserts.png?alt=media&token=e01829c6-2d52-4057-ac7b-a4f31eacb896
"6fa0289a-2b4e-468d-854f-fe741e564583",Starters - Non-Vegetarian,Non-Vegetarian,Murg Malai Tikka,Chicken breast marinated in cashew sauce and spices,14.99,https://firebasestorage.googleapis.com/v0/b/baithak-e55c4.firebasestorage.app/o/product%2Fmigrated_1770298720137_tandoori_starters.png?alt=media&token=d0a8d867-6157-4a5b-88ab-9bfb8b8419c1
"95961b7c-7ffb-4efc-bbb0-5c6a30495ad3",Roti & Naan,Roti & Naan,Paneer Kulcha,"Stuffed with grated paneer, coriander, spices",4.99,https://firebasestorage.googleapis.com/v0/b/baithak-e55c4.firebasestorage.app/o/product%2Fmigrated_1770298730621_veg_mains.png?alt=media&token=43a7b046-86e8-461b-8f5c-64b6de425474
"106406d6-bb96-4448-b25c-81bbba80f4f0",Roti & Naan,Roti & Naan,Plain Naan,Soft enriched dough,2.99,https://firebasestorage.googleapis.com/v0/b/baithak-e55c4.firebasestorage.app/o/product%2Fmigrated_1770298738953_naan_breads.png?alt=media&token=8007890e-ef05-4016-b433-ebbefc8de051
"0f936c76-4911-48db-8cfe-540728e00489",Starters - Non-Vegetarian,Non-Vegetarian,Salmon Tikka,"Marinated with ginger/garlic, mustard seeds, dill",11.99,https://firebasestorage.googleapis.com/v0/b/baithak-e55c4.firebasestorage.app/o/product%2Fmigrated_1770298759032_curry_chicken.png?alt=media&token=240b1803-89c9-4c0d-b43c-7875de079134
"20691dca-0eba-444c-9911-a63217691771",Alcoholic Drinks,"Cocktails, Spirits & Wines",Spicy Smokey Night,"Spiced rum, smoked cinnamon, cloves, ginger, ginger beer",8.99,https://firebasestorage.googleapis.com/v0/b/baithak-e55c4.firebasestorage.app/o/product%2Fmigrated_1770298764218_cocktails.png?alt=media&token=16e36a2a-3e5a-4649-ac6c-99996ad33953
cecc15e6-2f86-4967-9728-9cda2c3aa522,Starters - Non-Vegetarian,Non-Vegetarian,Tandoori Chicken,"Marinated in spicy yoghurt mix (ginger, garlic, spices). Charred crust.",13.99,https://firebasestorage.googleapis.com/v0/b/baithak-e55c4.firebasestorage.app/o/product%2Fmigrated_1770298766247_curry_chicken.png?alt=media&token=4d86c5b2-c643-41e0-b307-f19efe52f568
"9a3ea5bc-4291-45fd-8b57-3b2b3f492bbd",Starters - Vegetarian,Vegetarian,Tomato & Onion Raita,"Yoghurt with sliced onions, tomatoes, green chillies",3.49,https://firebasestorage.googleapis.com/v0/b/baithak-e55c4.firebasestorage.app/o/product%2Fmigrated_1770298770396_tandoori_starters.png?alt=media&token=0ea7b51b-9dec-4a92-bd2c-fb282f21e1d1
"267fb6f8-604c-471d-849e-56745c6bbec1",Rice & Biryani,Rice & Biryani,Vegetable Fried Rice,"",5.49,https://firebasestorage.googleapis.com/v0/b/baithak-e55c4.firebasestorage.app/o/product%2Fmigrated_1770298773383_veg_mains.png?alt=media&token=54d292c1-3d90-4e07-80c9-cedc3d2136a1
d63cdbbb-c2eb-4707-abf3-7b293b603f74,Alcoholic Drinks,"Cocktails, Spirits & Wines",UI Deleted Item,Test,5.0,test.png
"65971972-eaa6-4e11-8971-77d9fac2f311",Alcoholic Drinks,"Cocktails, Spirits & Wines",Soft Delete Test Item,Should vanish,99.99,test.png
"40d0fa99-e415-4732-b239-8c79dcc23367",Alcoholic Drinks,"Cocktails, Spirits & Wines",UI Deleted Item,Test,5.0,test.png
"351efef0-b5d4-4e07-84c7-b960c9208fb3",Alcoholic Drinks,"Cocktails, Spirits & Wines",Param Test,,2.0,
b9e5d3e0-fe09-4a6c-9641-713038f30c58,Alcoholic Drinks,"Cocktails, Spirits & Wines",Cycle Test,,1.0,
"55cd9cfa-5019-4626-b4a4-3b76d14827a7",Alcoholic Drinks,"Cocktails, Spirits & Wines",test,test,12.99,/images/test/test.png
"428c0fe4-3a77-462a-882b-9dca56634a66",Alcoholic Drinks,"Cocktails, Spirits & Wines",Archive Test,,3.0,
e1e6715e-89d2-4dab-b71b-fe8566fcbc02,Mains - Vegetarian,Mains - Vegetarian,Aloo Gobi,Cauliflower tossed with baby potatoes with nice masala,5.99,https://firebasestorage.googleapis.com/v0/b/baithak-e55c4.firebasestorage.app/o/product%2Fmigrated_1770298605534_veg_mains.png?alt=media&token=77adce9f-bb69-4545-8a0a-0b3ea26f855c
"957d4d10-c19c-4edf-b69f-16bb771d6e10",Starters - Non-Vegetarian,Non-Vegetarian,Amritsari Fry Machhi,Tilapia marinated in gram flour.,8.99,https://firebasestorage.googleapis.com/v0/b/baithak-e55c4.firebasestorage.app/o/product%2Fmigrated_1770298606604_amritsari_fish.png?alt=media&token=4726222a-5a24-446f-a4cb-905706160284
"43a04adc-3a47-4354-aecc-4ed9acd52cf9",Mains - Non-Vegetarian,Mains - Non-Vegetarian,Badami Korma,"Chicken or Lamb marinated with mild spices, almond",12.99,https://firebasestorage.googleapis.com/v0/b/baithak-e55c4.firebasestorage.app/o/product%2Fmigrated_1770298611136_curry_chicken.png?alt=media&token=915fa192-69fa-4a5e-bb90-0c3474dca142
"9fca4308-90c5-45ef-a12e-df7b7501c4a5",Non-Alcoholic Drinks,"Soft drinks, Hot drinks & Mocktails",Baithak Ki Masala Chai,"Rich Indian tea with spices (cinnamon, ginger, cardamom, cloves, rose, tulsi). Served with biscuit.",3.99,https://firebasestorage.googleapis.com/v0/b/baithak-e55c4.firebasestorage.app/o/product%2Fmigrated_1770298613218_soft_drinks.png?alt=media&token=2c3749e0-83bd-4dce-a421-8e3aa51826f9
a356971f-8c21-4398-a9ad-338a8935a3f1,Desserts,Sweet treats,Brownie With Ice Cream,Rich chocolate brownie served with a scoop of chocolate ice-cream & chocolate sauce.,6.99,https://firebasestorage.googleapis.com/v0/b/baithak-e55c4.firebasestorage.app/o/product%2Fmigrated_1770298622710_desserts.png?alt=media&token=da758c89-74e3-4665-9891-a6c695df0570
"0fe2d0aa-a7d1-4ac2-bf7d-944fc47c39a7",Mains - Vegetarian,Mains - Vegetarian,Chana Masala,Chickpeas cooked with Indian spices,5.99,https://firebasestorage.googleapis.com/v0/b/baithak-e55c4.firebasestorage.app/o/product%2Fmigrated_1770298631784_veg_mains.png?alt=media&token=fa8e5e62-fdf9-45ee-ad9e-a6dc43182e7b
"4f44eeb7-5cad-4860-9193-d2f7fdb855e5",Non-Alcoholic Drinks,"Soft drinks, Hot drinks & Mocktails",English Tea,"",3.99,https://firebasestorage.googleapis.com/v0/b/baithak-e55c4.firebasestorage.app/o/product%2Fmigrated_1770298660744_soft_drinks.png?alt=media&token=12a9f5f8-77af-48fd-9121-3876333e9962
e66ba4d1-23e3-447c-9714-a668454297ec,Non-Alcoholic Drinks,"Soft drinks, Hot drinks & Mocktails",Fever-Tree Rose Lemonade,"",3.99,https://firebasestorage.googleapis.com/v0/b/baithak-e55c4.firebasestorage.app/o/product%2Fmigrated_1770298663860_soft_drinks.png?alt=media&token=86488f87-2a66-4c37-a2aa-68a71519be29
"0e17cd0f-3ce9-4672-ba69-f0a2d6715a1a",Beers,"Lagers, IPAs & Ciders",Heineken,"330ml",3.99,https://firebasestorage.googleapis.com/v0/b/baithak-e55c4.firebasestorage.app/o/product%2Fmigrated_1770298672346_beers.png?alt=media&token=2133ba83-d0bc-4706-a237-c7de676f976b
d4101175-c3db-4bfe-bb26-5d05297bc3f3,Rice & Biryani,Rice & Biryani,Lamb Biryani,Served with raita. Sealed in handi.,14.99,https://firebasestorage.googleapis.com/v0/b/baithak-e55c4.firebasestorage.app/o/product%2Fmigrated_1770298694637_curry_chicken.png?alt=media&token=d02c7837-b527-49af-8a2f-5c668b77e9e6
"02cb57b1-8aab-4a54-9a0b-7341a604eb59",Alcoholic Drinks,"Cocktails, Spirits & Wines",Laphroaig 10,(25ml / 50ml),6.99,https://firebasestorage.googleapis.com/v0/b/baithak-e55c4.firebasestorage.app/o/product%2Fmigrated_1770298700215_cocktails.png?alt=media&token=a2ccaac2-e7d8-4142-8a6f-0f720b911589
"249ace2b-a19d-4f36-ab82-960d6c21c7b0",Starters - Non-Vegetarian,Non-Vegetarian,Malmali Seekh Kebab,"Lamb kebabs seasoned with ginger, garlic, chilli, cheese",7.99,https://firebasestorage.googleapis.com/v0/b/baithak-e55c4.firebasestorage.app/o/product%2Fmigrated_1770298709922_tandoori_starters.png?alt=media&token=88b6d56c-0f4d-4093-bf2c-b59deed5e47f
"47da8c85-893e-4e61-8e2d-11c47d3fda0a",Starters - Vegetarian,Vegetarian,Mushroom Lollypop,"Mushrooms stuffed with cottage cheese/cheddar, served with raw mango chutney",7.99,https://firebasestorage.googleapis.com/v0/b/baithak-e55c4.firebasestorage.app/o/product%2Fmigrated_1770298723295_veg_mains.png?alt=media&token=9a075151-1c2b-4d69-ac56-fcc3b5f1c7a0
d150ad77-a3fe-44ab-8a85-93886ea3b567,Alcoholic Drinks,"Cocktails, Spirits & Wines",Remy Martin XO,(25ml / 50ml),7.99,https://firebasestorage.googleapis.com/v0/b/baithak-e55c4.firebasestorage.app/o/product%2Fmigrated_1770298751864_cocktails.png?alt=media&token=2b4ff452-7337-4cb2-9332-161defa10510
"284990e1-25c5-4ac9-85ed-c5147daa2b6c",Mains - Vegetarian,Mains - Vegetarian,Saag Bhaji,Spinach and feugreek leaves with spices,5.99,https://firebasestorage.googleapis.com/v0/b/baithak-e55c4.firebasestorage.app/o/product%2Fmigrated_1770298754847_veg_mains.png?alt=media&token=a56355ba-8132-4e00-a69b-1893c784b8d5
"47f276eb-bdce-49da-99cc-6c67c174d72f",Starters - Non-Vegetarian,Non-Vegetarian,Tandoori Lasuni Jheenga,King prawn roasted with garlic and yoghurt masala,12.99,https://firebasestorage.googleapis.com/v0/b/baithak-e55c4.firebasestorage.app/o/product%2Fmigrated_1770298767298_tandoori_starters.png?alt=media&token=24c3641c-bb99-43f5-9409-ded430b21b63
eeb2b667-87c3-4c5c-b49f-322b4568fe18,Starters - Non-Vegetarian,Non-Vegetarian,Amritsari Fry Machhi,Tilapia marinated in gram & rice flour. Served with Schezwan chutney,8.99,https://firebasestorage.googleapis.com/v0/b/baithak-e55c4.firebasestorage.app/o/product%2Fmigrated_1770298607905_tandoori_starters.png?alt=media&token=1139de4a-9a5c-45f4-b114-87fdb0a9dbdc
a7101712-d0cf-48df-ba23-dab3c5e2fa77,Alcoholic Drinks,"Cocktails, Spirits & Wines",Amrut Peated/Narangi,(25ml / 50ml),9.99,https://firebasestorage.googleapis.com/v0/b/baithak-e55c4.firebasestorage.app/o/product%2Fmigrated_1770298610108_cocktails.png?alt=media&token=63bb1f75-7c1b-4eab-8336-0ef275db3a73
"53bfd0f5-43e1-4945-ad0b-79ff390c2773",Non-Alcoholic Drinks,"Soft drinks, Hot drinks & Mocktails",Baithak Ki Mango Lassi,"Alphonso mango, yoghurt, pistachio, rose",4.99,https://firebasestorage.googleapis.com/v0/b/baithak-e55c4.firebasestorage.app/o/product%2Fmigrated_1770298612182_soft_drinks.png?alt=media&token=c34c2584-05f2-4807-8741-e7007cb22f2f
adbae082-be6b-436f-a60c-4cf982993063,Alcoholic Drinks,"Cocktails, Spirits & Wines",Baithak Mojito,"Mint/Passion/Strawberry/Blueberry, Rum, mint, lime, soda",8.99,https://firebasestorage.googleapis.com/v0/b/baithak-e55c4.firebasestorage.app/o/product%2Fmigrated_1770298614313_cocktails.png?alt=media&token=5d67ceab-d679-469a-b805-450a4dc97cf2
f8b1bcf4-7342-4b5f-9762-b32e167eeab2,Alcoholic Drinks,"Cocktails, Spirits & Wines",Black Label / Chivas 12,(25ml / 50ml),6.99,https://firebasestorage.googleapis.com/v0/b/baithak-e55c4.firebasestorage.app/o/product%2Fmigrated_1770298618578_cocktails.png?alt=media&token=da1cb029-08ef-4be2-bdae-63c37a3f578f
"19a8e6c6-03c1-44a2-848c-ec121e4eac37",Mains - Non-Vegetarian,Mains - Non-Vegetarian,Butter Chicken,Boneless chicken in tomato gravy.,12.99,https://firebasestorage.googleapis.com/v0/b/baithak-e55c4.firebasestorage.app/o/product%2Fmigrated_1770298624903_butter_chicken.png?alt=media&token=24659de7-6b64-445c-aaf5-ec36d6e1d0a6
"11f51435-64b9-40a3-aed4-00192988e215",Starters - Non-Vegetarian,Non-Vegetarian,Chicken Lolly Pop,"Wings marinated in cornflour, chilli, soy, vinegar. Served with Hot & Sour sauce",7.99,https://firebasestorage.googleapis.com/v0/b/baithak-e55c4.firebasestorage.app/o/product%2Fmigrated_1770298638246_curry_chicken.png?alt=media&token=b11ff2e6-4134-4be0-8654-5b174bd26a35
"13b86f5b-76e1-4013-b674-fc123fa1ac04",Alcoholic Drinks,"Cocktails, Spirits & Wines",Cosmopolitan,"Vodka, Cranberry, Cointreau, citrus",8.49,https://firebasestorage.googleapis.com/v0/b/baithak-e55c4.firebasestorage.app/o/product%2Fmigrated_1770298649421_cocktails.png?alt=media&token=3a28a058-fc73-4ffe-9dee-d11f74675da7
"7e020813-3c83-4545-847b-7b5bad4c5f64",Mains - Non-Vegetarian,Mains - Non-Vegetarian,Delhi Wala Butter Chicken,Boneless Tandoori Chicken in creamy tomato gravy with fenugreek,12.99,https://firebasestorage.googleapis.com/v0/b/baithak-e55c4.firebasestorage.app/o/product%2Fmigrated_1770298657656_curry_chicken.png?alt=media&token=87c0cf6c-468d-4f51-966d-80191da02660
"4f6f90ea-e2cb-4654-9c48-971194d43161",Roti & Naan,Roti & Naan,Garlic Naan,Naan with fresh garlic.,4.49,https://firebasestorage.googleapis.com/v0/b/baithak-e55c4.firebasestorage.app/o/product%2Fmigrated_1770298668056_naan_assortment.png?alt=media&token=732d5bc1-a449-4100-afda-08f7d223fd7a
"27770932-002d-4c9f-ba6e-4e32f7d0b708",Alcoholic Drinks,"Cocktails, Spirits & Wines",Gordons / Tanqueray,(25ml / 50ml),4.99,https://firebasestorage.googleapis.com/v0/b/baithak-e55c4.firebasestorage.app/o/product%2Fmigrated_1770298670305_cocktails.png?alt=media&token=80d2be1a-9210-4b9f-bc40-7e70786f2435
"1acf7698-db9f-4cdf-96de-88a4cef7a50c",Alcoholic Drinks,"Cocktails, Spirits & Wines",Himalayan Blitz,"Lemon, Cucumber, Himalayan Salt, Soda",4.99,https://firebasestorage.googleapis.com/v0/b/baithak-e55c4.firebasestorage.app/o/product%2Fmigrated_1770298674663_cocktails.png?alt=media&token=b254a414-0e27-492b-a9c8-6b41eb92f000
"5315d707-c52a-4fee-be98-0ac12cb02bb9",Alcoholic Drinks,"Cocktails, Spirits & Wines",House Special 12yr,(25ml / 50ml),6.99,https://firebasestorage.googleapis.com/v0/b/baithak-e55c4.firebasestorage.app/o/product%2Fmigrated_1770298676714_cocktails.png?alt=media&token=5171e877-90a7-4df3-b732-5c273cb7ac01
"7d2305aa-35c2-4971-957a-c6289677e2c7",Mains - Vegetarian,Mains - Vegetarian,Jeera Aloo,"Potatoes tossed with garlic, cumin, mustard seeds",5.99,https://firebasestorage.googleapis.com/v0/b/baithak-e55c4.firebasestorage.app/o/product%2Fmigrated_1770298680846_veg_mains.png?alt=media&token=220c88f5-25ad-41be-8730-b659642b67ae
f640b9fb-2791-426d-b3c0-e2e553017838,Roti & Naan,Roti & Naan,Kashmiri Naan,"Stuffed with raisin, almonds, coconut",3.99,https://firebasestorage.googleapis.com/v0/b/baithak-e55c4.firebasestorage.app/o/product%2Fmigrated_1770298685050_naan_breads.png?alt=media&token=4e4233ae-74a6-4988-9c05-d3b9c1fcfc5d
ff01f009-2f37-48f8-83ca-066d1b590b32,Mains - Non-Vegetarian,Mains - Non-Vegetarian,King Prawn Masala,"Jumbo prawn with spring onion, curry leaves, tomato masala",16.99,https://firebasestorage.googleapis.com/v0/b/baithak-e55c4.firebasestorage.app/o/product%2Fmigrated_1770298691548_curry_chicken.png?alt=media&token=51cbdf7f-3914-4e2f-886a-ab01d8f8d457
"242172f8-0481-4751-b3b2-fde7f809bc93",Rice & Biryani,Rice & Biryani,Lamb Biryani,Aromatic basmati rice with lamb.,14.99,https://firebasestorage.googleapis.com/v0/b/baithak-e55c4.firebasestorage.app/o/product%2Fmigrated_1770298695715_biryani_rice_bowl.png?alt=media&token=1195d64f-fd75-45e2-aaf2-f80b0870e864
"057f6db4-e492-42f2-823c-9caa75b3033c",Alcoholic Drinks,"Cocktails, Spirits & Wines","Lemon, Cucumber & Mint","Muddled mint/lemon, soda",4.99,https://firebasestorage.googleapis.com/v0/b/baithak-e55c4.firebasestorage.app/o/product%2Fmigrated_1770298702240_cocktails.png?alt=media&token=58a64a3f-4e93-4b46-8815-b6e0b487ed82
"0347fc68-3987-411d-893e-d436e4b0f4d1",Non-Alcoholic Drinks,"Soft drinks, Hot drinks & Mocktails",Low/No Alcohol,Peroni/Heineken/Guinness,3.99,https://firebasestorage.googleapis.com/v0/b/baithak-e55c4.firebasestorage.app/o/product%2Fmigrated_1770298706586_soft_drinks.png?alt=media&token=c57b898c-1649-48f3-9f08-d33bd86a245d
"68d8c3c1-093d-4318-9ce2-f15f9777e8f5",Non-Alcoholic Drinks,"Soft drinks, Hot drinks & Mocktails",Mango Lassi,Yoghurt drink with mango.,4.99,https://firebasestorage.googleapis.com/v0/b/baithak-e55c4.firebasestorage.app/o/product%2Fmigrated_1770298710963_indian_drink_lassi.png?alt=media&token=502f55f8-3b22-431e-aa6b-33af57dc5d1a
bb2abad0-2fac-491b-85d8-50079e088727,Alcoholic Drinks,"Cocktails, Spirits & Wines",Baithak Pimm's,"Pimm's, lemonade, mint, orange",8.49,https://firebasestorage.googleapis.com/v0/b/baithak-e55c4.firebasestorage.app/o/product%2Fmigrated_1770298615408_cocktails.png?alt=media&token=582e245f-2402-4daa-ac6a-7015666de528
a0b59d83-477c-49c4-9875-5edab851d7bb,Alcoholic Drinks,"Cocktails, Spirits & Wines",Blue Lagoon,"Blue curacao, vodka, lime, lemonade",8.49,https://firebasestorage.googleapis.com/v0/b/baithak-e55c4.firebasestorage.app/o/product%2Fmigrated_1770298619576_cocktails.png?alt=media&token=17912da7-7a30-48b8-9389-48fdf3ac83a5
"3dfe6b62-ae3c-423e-b315-c01bbbba9d1c",Alcoholic Drinks,"Cocktails, Spirits & Wines",Bombay Sapphire,(25ml / 50ml),5.99,https://firebasestorage.googleapis.com/v0/b/baithak-e55c4.firebasestorage.app/o/product%2Fmigrated_1770298621677_cocktails.png?alt=media&token=5aff565c-aff3-4e45-91c0-1d14c290e5da
"71618e1f-9be4-44b9-beeb-15a2980d15fd",Roti & Naan,Roti & Naan,Butter / Garlic / Chilli Naan,Choice of flavour,3.99,https://firebasestorage.googleapis.com/v0/b/baithak-e55c4.firebasestorage.app/o/product%2Fmigrated_1770298626068_naan_breads.png?alt=media&token=572c9297-b81d-4168-94ee-af28e341a1d2
"6fe2cc9a-d068-4a1d-a30e-18f5539e23d8",Starters - Vegetarian,Vegetarian,Cabbage Salad,With sweet flavour,4.99,https://firebasestorage.googleapis.com/v0/b/baithak-e55c4.firebasestorage.app/o/product%2Fmigrated_1770298628603_tandoori_starters.png?alt=media&token=37319d9c-edad-4c38-979e-eb7fb1224785
"393e8bad-9a5e-4c64-8b2c-b480b6a8900a",Rice & Biryani,Rice & Biryani,Chicken Biryani,Served with raita. Sealed in handi.,13.99,https://firebasestorage.googleapis.com/v0/b/baithak-e55c4.firebasestorage.app/o/product%2Fmigrated_1770298635116_curry_chicken.png?alt=media&token=0f0506a5-eb24-46ca-9a42-d040d5e8daec
"167a7772-5801-47dc-bb3e-e02091a5d73b",Mains - Non-Vegetarian,Mains - Non-Vegetarian,Chicken Jalfrezi,"Cooked with onion, green chillies, cumin, curry leaves, fenugreek",12.99,https://firebasestorage.googleapis.com/v0/b/baithak-e55c4.firebasestorage.app/o/product%2Fmigrated_1770298637168_curry_chicken.png?alt=media&token=3271167d-e5b4-4c30-a867-f35bdd84315b
"6ed4359c-77ec-41bc-8f53-c74350f3a198",Starters - Non-Vegetarian,Non-Vegetarian,Chicken Tikka,Marinated chicken breast.,7.99,https://firebasestorage.googleapis.com/v0/b/baithak-e55c4.firebasestorage.app/o/product%2Fmigrated_1770298639297_chicken_tikka.png?alt=media&token=5d0db2a8-80dc-441e-a7ec-88aeba84f887
"3476af74-6411-465e-97b9-5bf0d38ba78d",Roti & Naan,Roti & Naan,Chilli & Cheese Naan,Stuffed with cheese and green chilli,4.99,https://firebasestorage.googleapis.com/v0/b/baithak-e55c4.firebasestorage.app/o/product%2Fmigrated_1770298641591_naan_breads.png?alt=media&token=476e67f3-2f66-4ce7-9b7a-a397539329e8
"5625bd37-7df6-4b7e-ac89-bfb3695a5326",Starters - Vegetarian,Vegetarian,Chilli Paneer,"Fried paneer cubes tossed in spicy, tangy soy sauce with onions/peppers",8.99,https://firebasestorage.googleapis.com/v0/b/baithak-e55c4.firebasestorage.app/o/product%2Fmigrated_1770298643715_veg_mains.png?alt=media&token=216cb521-8543-4fc6-a54d-933471ea6ab9
a61c2be9-f33e-4c2c-b0d6-012fcf398917,Non-Alcoholic Drinks,"Soft drinks, Hot drinks & Mocktails",Coke,Soft drink.,1.99,https://firebasestorage.googleapis.com/v0/b/baithak-e55c4.firebasestorage.app/o/product%2Fmigrated_1770298645946_coke_glass.png?alt=media&token=ceb3f95c-3bea-406b-aa75-886efdcc52e5
"072f66e4-4ccc-4017-9698-1b72d7c57fc5",Mains - Vegetarian,Mains - Vegetarian,Dal Maharani,"Black lentils/kidney beans simmered overnight, finished with cream/butter",11.99,https://firebasestorage.googleapis.com/v0/b/baithak-e55c4.firebasestorage.app/o/product%2Fmigrated_1770298652467_veg_mains.png?alt=media&token=5eb9ac30-8696-4ecf-9bba-804e70401768
"731ba280-80b4-4571-b8e0-dbe58ceb9b89",Non-Alcoholic Drinks,"Soft drinks, Hot drinks & Mocktails",Decaf Coffee,"",2.99,https://firebasestorage.googleapis.com/v0/b/baithak-e55c4.firebasestorage.app/o/product%2Fmigrated_1770298654521_soft_drinks.png?alt=media&token=e2c37216-ef78-4dea-bb85-59b51b176d9e
"257edd7a-d40c-4cf2-9b6a-8ae48e22efb6",Non-Alcoholic Drinks,"Soft drinks, Hot drinks & Mocktails",Fever-Tree Ginger Beer,"",3.99,https://firebasestorage.googleapis.com/v0/b/baithak-e55c4.firebasestorage.app/o/product%2Fmigrated_1770298662836_beers.png?alt=media&token=a841b2d0-f0fa-4617-bda5-77d9d5af8575
"29174c2d-d240-46f2-a64f-825eceebd3e4",Desserts,Sweet treats,Gajar (Carrot) Halwa,"Carrot cooked with milk, Butter ghee garnish with pistachio.",6.99,https://firebasestorage.googleapis.com/v0/b/baithak-e55c4.firebasestorage.app/o/product%2Fmigrated_1770298667002_desserts.png?alt=media&token=1dbfae16-d54c-429c-8feb-92fb0e9647da
"2a7841e1-8403-4e91-b6e0-76647ea919b3",Non-Alcoholic Drinks,"Soft drinks, Hot drinks & Mocktails",Gur (Jaggery) Wali Baithak Ki Chai,Traditional tea with jaggery instead of sugar. Served with Parle-G.,3.99,https://firebasestorage.googleapis.com/v0/b/baithak-e55c4.firebasestorage.app/o/product%2Fmigrated_1770298671353_soft_drinks.png?alt=media&token=686559eb-3676-4b0e-983c-514a2f0f7ba9
"67f5543b-98c8-4096-9e8d-09e2fe7a9744",Alcoholic Drinks,"Cocktails, Spirits & Wines",Jaljeera Mojito,"Soda, jaljeera, lemon, tamarind",5.99,https://firebasestorage.googleapis.com/v0/b/baithak-e55c4.firebasestorage.app/o/product%2Fmigrated_1770298679834_cocktails.png?alt=media&token=768feaf2-c889-4a6c-8994-837d094d8849
"3608106c-e22f-4eb8-baff-eaa329d4c269",Roti & Naan,Roti & Naan,Keema Naan,Stuffed with spiced minced meat,4.99,https://firebasestorage.googleapis.com/v0/b/baithak-e55c4.firebasestorage.app/o/product%2Fmigrated_1770298686068_naan_breads.png?alt=media&token=aee0f455-1285-4af5-93fa-2c0877120e48
"0b8d0262-35cd-4b06-a4f1-c67079ffe182",Beers,"Lagers, IPAs & Ciders",Kingfisher Bottle (Big),"",6.99,https://firebasestorage.googleapis.com/v0/b/baithak-e55c4.firebasestorage.app/o/product%2Fmigrated_1770298688377_beers.png?alt=media&token=fcf0d762-9d76-42d6-88df-5533fc0ec6ae
"62093d46-6384-40eb-9f5d-21434a6f1432",Starters - Non-Vegetarian,Non-Vegetarian,Lamb Chops,"Marinated with yoghurt and chef special spices, green apple chutney",15.99,https://firebasestorage.googleapis.com/v0/b/baithak-e55c4.firebasestorage.app/o/product%2Fmigrated_1770298697093_curry_chicken.png?alt=media&token=8bcaa862-0064-4d8a-9d37-fc80410ecb79
de637acc-80ca-4792-84f3-76e997b52d23,Mains - Non-Vegetarian,Mains - Non-Vegetarian,Lamb Rogan Josh,Boneless lamb slow cooked with Kashmiri chilli oil,14.99,https://firebasestorage.googleapis.com/v0/b/baithak-e55c4.firebasestorage.app/o/product%2Fmigrated_1770298699191_curry_chicken.png?alt=media&token=bfb68650-f0c5-45ad-b28e-cecd1afc274b
"1f8a26a2-5972-4071-8c49-188dab215d59",Alcoholic Drinks,"Cocktails, Spirits & Wines",Long Island Iced Tea,"Vodka, Gin, Tequila, Rum, lime, cola",8.99,https://firebasestorage.googleapis.com/v0/b/baithak-e55c4.firebasestorage.app/o/product%2Fmigrated_1770298705550_cocktails.png?alt=media&token=8e41cc32-ff25-4b4a-b6fc-6a9df9fd3d4a
eca71040-939e-42b0-a038-096821190c88,Non-Alcoholic Drinks,"Soft drinks, Hot drinks & Mocktails",Mineral Water,Still / Sparkling (750ml),4.29,https://firebasestorage.googleapis.com/v0/b/baithak-e55c4.firebasestorage.app/o/product%2Fmigrated_1770298714096_soft_drinks.png?alt=media&token=efcddb95-94b7-4923-8096-e30fd4951af4
a6c2b88b-56b0-49e9-8f14-a7f1d5cc855e,Desserts,Sweet treats,Moong Dal Halwa,Indian dessert cooked with butter ghee and orange lentils. Garnish with khoya and cashew.,6.99,https://firebasestorage.googleapis.com/v0/b/baithak-e55c4.firebasestorage.app/o/product%2Fmigrated_1770298716118_veg_mains.png?alt=media&token=77234429-f2aa-46e9-96f1-5244ee0f8c3d
"1bcdb6fd-c4e9-4dea-b01a-c5afca401353",Mains - Vegetarian,Mains - Vegetarian,Mushroom Bhaji,Mushroom cooked with onion and spices,5.99,https://firebasestorage.googleapis.com/v0/b/baithak-e55c4.firebasestorage.app/o/product%2Fmigrated_1770298722248_veg_mains.png?alt=media&token=8b7cf0f9-4609-4d80-b048-485c6c6c1005
"9e37d631-14ef-40ae-8695-990ae9a0a05b",Rice & Biryani,Rice & Biryani,Mushroom Rice,Cooked with mushrooms and spices,5.49,https://firebasestorage.googleapis.com/v0/b/baithak-e55c4.firebasestorage.app/o/product%2Fmigrated_1770298724339_veg_mains.png?alt=media&token=fd756b70-17c2-43fe-a221-abdcbc2a010a
"529806f9-64d4-4a32-893a-a8ee6ca2f85a",Alcoholic Drinks,"Cocktails, Spirits & Wines",Old Monk,Indian Dark Rum (25ml / 50ml),7.99,https://firebasestorage.googleapis.com/v0/b/baithak-e55c4.firebasestorage.app/o/product%2Fmigrated_1770298726457_cocktails.png?alt=media&token=40d601f5-4982-4fa3-86c6-6d2b93ae0370
"6447c134-6586-4bf8-a1b3-a7c46df1af42",Alcoholic Drinks,"Cocktails, Spirits & Wines",Paul John Nirvana,(25ml / 50ml),6.99,https://firebasestorage.googleapis.com/v0/b/baithak-e55c4.firebasestorage.app/o/product%2Fmigrated_1770298734809_cocktails.png?alt=media&token=e0da2d9c-4f4e-46e0-9561-eed22de609f9
fb9ff16d-6b72-4fa3-8ae0-4ee0182f5ba3,Roti & Naan,Roti & Naan,Peshwari Naan,Naan with dried fruits.,4.99,https://firebasestorage.googleapis.com/v0/b/baithak-e55c4.firebasestorage.app/o/product%2Fmigrated_1770298736866_naan_assortment.png?alt=media&token=7aafdca1-553c-4b76-91be-f770cb2c08a7
"394e74d7-e710-4525-9c49-ebbecee513dc",Desserts,Sweet treats,Matka Kulfi,Traditional Kulfi garnished with pistachio & rose petals,6.99,https://firebasestorage.googleapis.com/v0/b/baithak-e55c4.firebasestorage.app/o/product%2Fmigrated_1770298713048_desserts.png?alt=media&token=f9ec91b8-62c8-40af-8fb3-a27b5ab19465
"306e6104-d193-415e-a202-c8878c421949",Alcoholic Drinks,"Cocktails, Spirits & Wines",Mumbai Hug,"Bombay Sapphire, Elderflower cordial",8.99,https://firebasestorage.googleapis.com/v0/b/baithak-e55c4.firebasestorage.app/o/product%2Fmigrated_1770298719119_cocktails.png?alt=media&token=d1a682eb-c7c3-40c0-8e8d-c03a9580fd92
aed18369-d2b1-4211-869c-b981852fd586,Starters - Vegetarian,Vegetarian,Paani Poori Shots,Served with sweet and spicy water,6.99,https://firebasestorage.googleapis.com/v0/b/baithak-e55c4.firebasestorage.app/o/product%2Fmigrated_1770298729572_tandoori_starters.png?alt=media&token=d3668887-b725-476f-b11f-00f9af75161f
de32fa4a-9a48-42d3-9a17-662009518acb,Starters - Vegetarian,Vegetarian,Pineapple Raita,Yoghurt with sweet & tart pineapple,3.49,https://firebasestorage.googleapis.com/v0/b/baithak-e55c4.firebasestorage.app/o/product%2Fmigrated_1770298737918_tandoori_starters.png?alt=media&token=19c425e2-1c3b-466b-b478-aaa6e40a8112
ea51a0ad-4c1f-46b4-a2f6-01de05103315,Alcoholic Drinks,"Cocktails, Spirits & Wines",Pornstar Martini,"Vodka, Passoa, passion fruit, lime, prosecco shot",9.49,https://firebasestorage.googleapis.com/v0/b/baithak-e55c4.firebasestorage.app/o/product%2Fmigrated_1770298741186_cocktails.png?alt=media&token=33e6c4e7-58bd-494f-bc60-4374eb7fbb20
b39e1669-6fa6-45d7-9d0b-f48c19198fff,Rice & Biryani,Rice & Biryani,Prawn Biryani,Served with raita. Sealed in handi.,15.99,https://firebasestorage.googleapis.com/v0/b/baithak-e55c4.firebasestorage.app/o/product%2Fmigrated_1770298742189_curry_chicken.png?alt=media&token=fda1ac43-4d8b-4c57-a4a2-70aafc69b63e
"18edd6ab-45a1-430f-af48-4c66089d79ef",Starters - Vegetarian,Vegetarian,Quinoa & Beetroot Tikki,Crispy patties served with Turmeric-Tempered Yoghurt,6.99,https://firebasestorage.googleapis.com/v0/b/baithak-e55c4.firebasestorage.app/o/product%2Fmigrated_1770298745303_tandoori_starters.png?alt=media&token=7411cdea-9dea-4095-a4f7-233f7f46e357
f171e1bf-9289-4ecf-9044-490c05fa6b21,Alcoholic Drinks,"Cocktails, Spirits & Wines",Rampur Asava/Double Cask,(25ml / 50ml),8.99,https://firebasestorage.googleapis.com/v0/b/baithak-e55c4.firebasestorage.app/o/product%2Fmigrated_1770298746333_cocktails.png?alt=media&token=8009a279-561c-4274-baa4-c7e38a21aea2
d68c9baa-8199-4d14-96ee-a7f4c92fcf4b,Alcoholic Drinks,"Cocktails, Spirits & Wines",Raspberry/Blueberry Mojito,Non-alcoholic with mint and lime,5.99,https://firebasestorage.googleapis.com/v0/b/baithak-e55c4.firebasestorage.app/o/product%2Fmigrated_1770298748638_cocktails.png?alt=media&token=730c3da6-618f-4851-a9a1-60bbdfaaebef
c12ab1fe-6a03-45ef-8d8b-1cabba9791a1,Alcoholic Drinks,"Cocktails, Spirits & Wines",Red: Shiraz / Merlot,Australia / Chile (175ml / Btl),5.99,https://firebasestorage.googleapis.com/v0/b/baithak-e55c4.firebasestorage.app/o/product%2Fmigrated_1770298750718_wines.png?alt=media&token=df4f5bba-8bcc-4863-aef6-d329521940d7
d5105f45-b1d0-4770-98c2-dc5de28874e6,Mains - Vegetarian,Mains - Vegetarian,Saag Paneer,Garlic sauteed spinach with cottage cheese,11.99,https://firebasestorage.googleapis.com/v0/b/baithak-e55c4.firebasestorage.app/o/product%2Fmigrated_1770298756900_veg_mains.png?alt=media&token=c5194c2d-2358-4150-8110-c31d9252ec72
de81da5f-cf1c-432a-a5cf-1f9c665fa607,Rice & Biryani,Rice & Biryani,Saffron Rice (Pilau),Infused with saffron and spices,4.99,https://firebasestorage.googleapis.com/v0/b/baithak-e55c4.firebasestorage.app/o/product%2Fmigrated_1770298757888_biryani.png?alt=media&token=911543cf-bd2c-4fc6-a561-1f0118ef73ca
"10224a57-aefc-4be1-950b-74c98dade5b2",Starters - Non-Vegetarian,Non-Vegetarian,Salt and Pepper Squid,"Crispy batter fried squid with salt, pepper, chaat masala",9.99,https://firebasestorage.googleapis.com/v0/b/baithak-e55c4.firebasestorage.app/o/product%2Fmigrated_1770298760106_tandoori_starters.png?alt=media&token=8cf36578-4b13-4707-98e0-70a31cd71ab0
"5e4ec8c2-69fa-477a-9191-5fe56559f33b",Mains - Non-Vegetarian,Mains - Non-Vegetarian,Sea Bass Stir Fried Veg,"Tempered with coconut oil, mustard seeds. Served with coconut rice",16.99,https://firebasestorage.googleapis.com/v0/b/baithak-e55c4.firebasestorage.app/o/product%2Fmigrated_1770298762183_curry_chicken.png?alt=media&token=8783b769-312b-47c5-8b62-a78c42c7ae42
"1f202705-eda8-44a4-ba90-ee9575da53be",Rice & Biryani,Rice & Biryani,Steamed Rice,Basmati rice,3.99,https://firebasestorage.googleapis.com/v0/b/baithak-e55c4.firebasestorage.app/o/product%2Fmigrated_1770298765213_biryani.png?alt=media&token=ff09d79e-008d-4246-baf7-d193246d72e6
e2c1affa-7a7a-4304-a1ae-2030904314b6,Roti & Naan,Roti & Naan,Tandoori Roti,Whole wheat flatbread cooked in clay oven,2.49,https://firebasestorage.googleapis.com/v0/b/baithak-e55c4.firebasestorage.app/o/product%2Fmigrated_1770298768320_naan_breads.png?alt=media&token=c8995cc8-ac29-4b20-bb58-fcaf907a1dca
e47e9c35-0c08-4ad6-93f6-74be4df5bd96,Alcoholic Drinks,"Cocktails, Spirits & Wines",Tequila Sunrise,"Orange juice, grenadine, non-alcoholic tequila",5.99,https://firebasestorage.googleapis.com/v0/b/baithak-e55c4.firebasestorage.app/o/product%2Fmigrated_1770298769367_cocktails.png?alt=media&token=220f9ac5-c22d-45e1-80a1-76d5d65c5cce
"57cc98db-93d4-4804-b7f0-cfb0a035009a",Rice & Biryani,Rice & Biryani,Vegetable Biryani,Served with raita. Sealed in handi.,12.99,https://firebasestorage.googleapis.com/v0/b/baithak-e55c4.firebasestorage.app/o/product%2Fmigrated_1770298771376_veg_mains.png?alt=media&token=0d645a45-2b9e-455b-921d-95f21182f6bb
"461bc286-ace6-4a61-80c3-0df250b43b25",Mains - Vegetarian,Mains - Vegetarian,Vegetable Jalfrezi,"Cauliflower, carrots, beans, peas, mushroom, paneer (Vegan option available)",9.99,https://firebasestorage.googleapis.com/v0/b/baithak-e55c4.firebasestorage.app/o/product%2Fmigrated_1770298774433_veg_mains.png?alt=media&token=b6482525-f285-45dd-bc59-341d9ff00523
"0f25b4cf-94c1-4144-9e40-b4263e98647c",Alcoholic Drinks,"Cocktails, Spirits & Wines",White: Pinot Grigio,Italy (175ml / Btl),6.49,https://firebasestorage.googleapis.com/v0/b/baithak-e55c4.firebasestorage.app/o/product%2Fmigrated_1770298778572_wines.png?alt=media&token=0fb8dac5-55a7-4847-a01d-127d60ab4d73
"98d66c00-95da-4419-9808-dd796627fd6d",Alcoholic Drinks,"Cocktails, Spirits & Wines",White: Vermentino / Chard.,France / Aus (175ml / Btl),5.99,https://firebasestorage.googleapis.com/v0/b/baithak-e55c4.firebasestorage.app/o/product%2Fmigrated_1770298780864_cocktails.png?alt=media&token=c5b1888f-68d5-4c2d-ac4f-5c30eedc98cb
